borrower_id,name,loan_scheme,borrower_category,region,loan_amount,amount_band,emi_amount,outstanding_amount,current_balance,repayment_consistency,inflow_stability,balance_trend,missed_payments_90d,days_past_due,avg_monthly_inflow,avg_monthly_outflow,regional_stress_factor,peer_score
BORR_00001,Rahul Singh,Mudra,Women-led,Himachal Pradesh,1200000.0,mid,29231.14,932373.64,43029.36,0.82,0.77,-0.32,1,40,68428.92,68649.88,0.45,84.0
BORR_00002,Ravi Saha,MSME,Micro Enterprise,Maharashtra,400000.0,small,8554.39,316764.57,25000.0,0.76,0.87,-0.09,2,17,9888.25,9195.18,0.38,87.0
BORR_00003,Rahul Jain,Mudra,Small Business,West Bengal,1200000.0,mid,29590.59,895441.93,111095.23,0.84,0.89,-0.18,2,19,90270.03,89558.97,0.49,82.0
BORR_00004,Ananya Saha,Mudra,Small Business,Uttarakhand,400000.0,small,9734.2,323789.07,25000.0,0.78,0.73,-0.37,3,37,12513.34,11488.13,0.54,80.0
BORR_00005,Aarav Reddy,PMEGP,Women-led,Madhya Pradesh,4000000.0,large,68335.15,3064579.39,225545.46,0.85,0.81,-0.29,2,15,195580.51,176003.22,0.68,74.0
BORR_00006,Isha Singh,PMEGP,Women-led,Goa,1200000.0,mid,23727.24,947206.44,43362.91,0.77,0.77,-0.38,1,27,39440.38,41471.36,0.3,91.0
BORR_00007,Neha Das,Mudra,Micro Enterprise,Meghalaya,1200000.0,mid,23869.73,925328.58,36607.36,0.81,0.79,-0.38,1,24,41676.03,30241.46,0.64,76.0
BORR_00008,Aarav Yadav,Stand-Up India,Women-led,Andhra Pradesh,800000.0,mid,17817.83,617043.8,35739.45,0.85,0.83,0.06,3,29,23262.15,20199.16,0.55,80.0
BORR_00009,Diya Jain,Mudra,Agri-linked,Assam,2400000.0,large,51563.71,1939378.84,141631.44,0.79,0.75,-0.36,3,46,109680.11,112793.59,0.74,72.0
BORR_00010,Ravi Singh,MSME,Women-led,Tamil Nadu,250000.0,small,5309.65,176747.63,25000.0,0.93,0.88,0.1,1,15,14928.03,11580.16,0.41,86.0
BORR_00011,Pooja Das,Mudra,Small Business,Goa,800000.0,mid,11711.84,617618.11,25000.0,0.83,0.85,0.05,2,23,15668.28,14142.41,0.3,91.0
BORR_00012,Neha Patel,Mudra,Micro Enterprise,Sikkim,1200000.0,mid,28323.92,893481.29,105653.92,0.89,0.91,-0.22,1,16,58533.29,61296.41,0.4,86.0
BORR_00013,Isha Kumar,MSME,Women-led,Punjab,4000000.0,large,74558.86,3079590.21,183672.11,0.81,0.79,-0.22,3,22,165607.41,165807.39,0.58,78.0
BORR_00014,Diya Nair,Mudra,Women-led,Andhra Pradesh,250000.0,small,3825.23,186132.2,25000.0,0.88,0.89,-0.3,2,16,12435.28,10997.95,0.55,80.0
BORR_00015,Isha Yadav,Mudra,Small Business,Himachal Pradesh,250000.0,small,5061.64,192909.79,25000.0,0.83,0.81,-0.12,2,17,9528.17,7783.22,0.45,84.0
BORR_00016,Arjun Sharma,Mudra,Small Business,Telangana,2400000.0,large,48527.94,1850016.04,90795.79,0.83,0.77,0.02,1,20,58631.26,56072.43,0.47,83.0
BORR_00017,Neha Patel,MSME,Women-led,Madhya Pradesh,800000.0,mid,16995.96,657546.77,73491.0,0.73,0.7,0.05,2,40,45105.8,44667.19,0.68,74.0
BORR_00018,Rahul Yadav,Mudra,Women-led,Bihar,400000.0,small,9608.41,337064.47,26122.0,0.69,0.75,-0.03,3,44,14073.58,10657.09,0.72,74.0
BORR_00019,Isha Patel,Stand-Up India,Agri-linked,Telangana,2400000.0,large,56338.25,1753960.5,339711.95,0.88,0.92,0.06,2,15,177870.0,188608.26,0.47,83.0
BORR_00020,Ravi Saha,Mudra,Women-led,Maharashtra,1200000.0,mid,28417.45,919662.55,99484.27,0.8,0.8,-0.05,0,15,65764.04,65550.84,0.38,87.0
BORR_00021,Isha Jain,PMEGP,Small Business,Chhattisgarh,250000.0,small,3571.76,189546.55,25000.0,0.85,0.8,-0.2,2,32,6405.96,6002.49,0.7,73.0
BORR_00022,Diya Reddy,Mudra,Micro Enterprise,Haryana,4000000.0,large,61790.52,2929680.66,179717.8,0.92,0.85,0.07,2,30,139367.47,132505.23,0.52,81.0
BORR_00023,Ravi Das,Mudra,Agri-linked,Himachal Pradesh,2400000.0,large,35981.78,1809433.52,103216.6,0.86,0.88,-0.36,3,24,62676.83,67277.16,0.45,84.0
BORR_00024,Ananya Patel,PMEGP,Agri-linked,Telangana,2400000.0,large,57763.54,1801134.89,141576.14,0.89,0.9,0.04,1,23,169088.57,143178.93,0.47,83.0
BORR_00025,Diya Jain,Stand-Up India,Micro Enterprise,Assam,250000.0,small,4282.75,206380.46,25000.0,0.76,0.68,-0.33,3,39,6400.22,5364.13,0.74,72.0
BORR_00026,Diya Patel,Mudra,Women-led,Meghalaya,250000.0,small,3444.02,201600.34,25000.0,0.77,0.75,-0.21,2,40,4214.7,3043.33,0.64,76.0
BORR_00027,Pooja Jain,Mudra,Micro Enterprise,Kerala,1200000.0,mid,24539.44,905693.25,72376.5,0.87,0.89,-0.22,1,15,57816.22,42458.9,0.36,88.0
BORR_00028,Pooja Jain,Mudra,Micro Enterprise,Meghalaya,4000000.0,large,62900.15,3223099.98,120384.09,0.74,0.73,0.0,2,24,133441.41,137177.43,0.64,76.0
BORR_00029,Isha Jain,Mudra,Women-led,Uttarakhand,2400000.0,large,43066.67,1945698.75,84203.64,0.74,0.77,-0.06,1,25,128067.44,128815.1,0.54,80.0
BORR_00030,Ravi Kumar,Stand-Up India,Micro Enterprise,Meghalaya,800000.0,mid,14165.3,604014.02,25000.0,0.82,0.93,0.04,2,19,21880.31,17122.98,0.64,76.0
BORR_00031,Pooja Singh,Mudra,Women-led,Haryana,4000000.0,large,52881.41,2905917.6,203834.24,0.93,0.89,-0.11,2,19,146385.1,108191.24,0.52,81.0
BORR_00032,Diya Yadav,Mudra,Micro Enterprise,West Bengal,800000.0,mid,17481.6,579229.51,51345.06,0.88,0.85,-0.34,2,21,39856.06,30256.08,0.49,82.0
BORR_00033,Isha Yadav,Mudra,Small Business,Nagaland,1200000.0,mid,17101.95,938308.47,73484.65,0.8,0.83,-0.08,1,27,40845.55,37629.15,0.63,76.0
BORR_00034,Rahul Jain,Mudra,Agri-linked,Assam,2400000.0,large,50139.67,1930910.62,92197.6,0.8,0.82,0.01,3,47,118217.13,112229.06,0.74,72.0
BORR_00035,Pooja Saha,MSME,Small Business,Meghalaya,2400000.0,large,45823.24,1987280.75,41189.99,0.72,0.81,0.03,2,28,56253.56,40912.58,0.64,76.0
BORR_00036,Ananya Yadav,MSME,Agri-linked,Jammu and Kashmir,800000.0,mid,13100.16,641307.38,61235.54,0.77,0.81,-0.24,2,35,32038.56,27531.84,0.66,75.0
BORR_00037,Arjun Sharma,Mudra,Micro Enterprise,Odisha,1200000.0,mid,20919.96,983188.72,37998.36,0.75,0.74,-0.14,3,46,26896.51,22055.32,0.57,79.0
BORR_00038,Aarav Das,MSME,Small Business,Chhattisgarh,4000000.0,large,77217.07,3050728.51,170098.16,0.85,0.86,-0.27,1,28,167305.95,146534.45,0.7,73.0
BORR_00039,Diya Sharma,MSME,Small Business,Goa,800000.0,mid,13647.7,541280.0,44053.23,0.99,0.91,-0.17,1,20,35879.12,34900.87,0.3,91.0
BORR_00040,Pooja Yadav,Mudra,Small Business,Sikkim,800000.0,mid,15865.39,606917.3,34676.3,0.83,0.91,0.01,1,36,51128.43,57180.63,0.4,86.0
BORR_00041,Rahul Yadav,MSME,Agri-linked,Rajasthan,800000.0,mid,18832.12,617763.2,25000.0,0.8,0.79,-0.01,2,15,24738.18,24747.77,0.62,76.0
BORR_00042,Diya Saha,PMEGP,Micro Enterprise,Manipur,400000.0,small,9437.86,306928.09,25000.0,0.83,0.8,-0.1,2,38,15340.46,16614.91,0.67,74.0
BORR_00043,Aarav Das,PMEGP,Agri-linked,Andhra Pradesh,1200000.0,mid,20269.65,882636.29,57045.43,0.9,0.88,-0.16,2,10,45413.82,32904.2,0.55,80.0
BORR_00044,Diya Singh,PMEGP,Women-led,West Bengal,400000.0,small,8653.06,316363.33,25000.0,0.81,0.82,-0.07,2,31,17568.62,13231.92,0.49,82.0
BORR_00045,Isha Saha,Mudra,Agri-linked,Rajasthan,2400000.0,large,58852.54,1743532.45,154792.85,0.93,0.82,0.07,1,34,79096.06,74472.24,0.62,76.0
BORR_00046,Diya Yadav,Mudra,Small Business,Uttar Pradesh,400000.0,small,5664.32,310797.09,25000.0,0.8,0.89,-0.04,1,35,17070.32,18836.77,0.71,73.0
BORR_00047,Aarav Jain,Stand-Up India,Micro Enterprise,Manipur,4000000.0,large,71694.15,3226800.46,174485.57,0.75,0.74,-0.18,2,37,88093.1,97762.02,0.67,74.0
BORR_00048,Rahul Reddy,Mudra,Micro Enterprise,Nagaland,4000000.0,large,49680.43,3063574.11,217606.07,0.83,0.85,-0.25,1,15,153934.5,136486.89,0.63,76.0
BORR_00049,Neha Sharma,PMEGP,Small Business,Kerala,250000.0,small,4359.29,195766.75,25000.0,0.83,0.74,-0.39,2,42,13371.14,10431.72,0.36,88.0
BORR_00050,Pooja Yadav,PMEGP,Agri-linked,Uttar Pradesh,250000.0,small,6152.22,208465.42,32087.82,0.74,0.72,-0.23,2,32,16047.08,16771.77,0.71,73.0
BORR_00051,Isha Singh,PMEGP,Agri-linked,Tamil Nadu,4000000.0,large,95484.62,3041660.61,140856.12,0.86,0.87,-0.2,1,19,158244.2,131325.71,0.41,86.0
BORR_00052,Ravi Jain,Mudra,Micro Enterprise,Tamil Nadu,250000.0,small,5183.03,190908.36,25000.0,0.83,0.79,-0.05,2,34,11577.54,12282.29,0.41,86.0
BORR_00053,Aarav Nair,MSME,Micro Enterprise,West Bengal,2400000.0,large,31558.34,1880196.6,126114.31,0.81,0.8,-0.19,3,35,86133.7,93132.96,0.49,82.0
BORR_00054,Aarav Jain,PMEGP,Small Business,Haryana,400000.0,small,6623.06,315036.38,26182.34,0.79,0.8,0.05,2,32,17799.96,15639.35,0.52,81.0
BORR_00055,Ravi Das,Stand-Up India,Micro Enterprise,Bihar,800000.0,mid,16855.48,661689.66,33229.72,0.73,0.79,-0.04,2,28,37220.37,31971.01,0.72,74.0
BORR_00056,Diya Nair,Stand-Up India,Agri-linked,Jammu and Kashmir,800000.0,mid,12097.51,603797.47,34932.72,0.83,0.81,-0.3,1,27,18826.54,16158.2,0.66,75.0
BORR_00057,Ravi Das,MSME,Micro Enterprise,Madhya Pradesh,800000.0,mid,14958.45,665557.08,25000.0,0.73,0.7,-0.02,2,38,16145.31,15168.29,0.68,74.0
BORR_00058,Pooja Singh,MSME,Women-led,Kerala,1200000.0,mid,17618.81,866012.78,46248.84,0.91,0.92,-0.34,2,21,24480.37,26180.08,0.36,88.0
BORR_00059,Pooja Saha,MSME,Small Business,Jammu and Kashmir,2400000.0,large,28880.96,1992105.67,57975.39,0.7,0.76,0.07,2,51,43143.77,44178.45,0.66,75.0
BORR_00060,Vikram Kumar,MSME,Women-led,Maharashtra,400000.0,small,8686.85,279726.8,25000.0,0.93,0.97,0.1,1,12,13056.74,11737.55,0.38,87.0
BORR_00061,Vikram Nair,Stand-Up India,Micro Enterprise,Meghalaya,250000.0,small,5396.57,188142.94,25000.0,0.86,0.9,-0.34,2,17,10154.16,9236.1,0.64,76.0
BORR_00062,Ananya Singh,Stand-Up India,Micro Enterprise,Chhattisgarh,250000.0,small,4619.94,188249.88,25000.0,0.86,0.86,-0.01,1,14,8106.05,7013.62,0.7,73.0
BORR_00063,Diya Singh,Mudra,Women-led,Delhi,400000.0,small,6070.64,295657.9,25000.0,0.87,0.93,-0.37,1,16,13629.63,14451.86,0.33,90.0
BORR_00064,Ananya Patel,Mudra,Agri-linked,Andhra Pradesh,4000000.0,large,57015.43,3278008.18,189166.15,0.72,0.77,-0.21,3,26,104413.04,115667.53,0.55,80.0
BORR_00065,Ananya Patel,Stand-Up India,Micro Enterprise,Uttarakhand,4000000.0,large,98703.49,3044039.3,554694.96,0.86,0.87,-0.03,2,27,283703.62,227539.1,0.54,80.0
BORR_00066,Pooja Das,Mudra,Small Business,Jammu and Kashmir,1200000.0,mid,21036.81,955403.71,39653.25,0.77,0.75,-0.1,2,35,29468.27,26888.5,0.66,75.0
BORR_00067,Pooja Patel,MSME,Small Business,Odisha,250000.0,small,4200.0,191127.3,25000.0,0.84,0.84,-0.29,2,15,5981.18,4312.94,0.57,79.0
BORR_00068,Rahul Patel,Mudra,Women-led,Uttarakhand,4000000.0,large,69415.73,2990106.95,150657.14,0.89,0.89,0.1,1,31,217368.75,172263.26,0.54,80.0
BORR_00069,Diya Saha,PMEGP,Micro Enterprise,Delhi,4000000.0,large,50500.92,3056322.75,152174.56,0.86,0.86,0.01,2,20,81332.73,79177.69,0.33,90.0
BORR_00070,Arjun Reddy,Mudra,Micro Enterprise,Nagaland,250000.0,small,5850.9,192097.41,25000.0,0.85,0.81,-0.21,2,24,15520.26,14295.53,0.63,76.0
BORR_00071,Vikram Jain,Stand-Up India,Small Business,Himachal Pradesh,250000.0,small,4272.32,191282.42,25000.0,0.81,0.81,-0.11,1,20,11504.77,11475.86,0.45,84.0
BORR_00072,Diya Das,PMEGP,Micro Enterprise,Goa,2400000.0,large,44257.22,1825673.78,101840.74,0.85,0.9,-0.01,2,34,63662.81,51045.98,0.3,91.0
BORR_00073,Arjun Nair,Stand-Up India,Micro Enterprise,Goa,2400000.0,large,56155.09,1691652.97,155808.69,0.96,0.86,0.07,0,12,169182.21,131956.54,0.3,91.0
BORR_00074,Aarav Patel,Mudra,Small Business,Assam,1200000.0,mid,26441.36,905283.39,77046.41,0.86,0.86,-0.03,2,34,83901.92,71904.76,0.74,72.0
BORR_00075,Arjun Singh,Stand-Up India,Micro Enterprise,Andhra Pradesh,400000.0,small,9725.87,293922.04,49183.89,0.89,0.88,-0.06,0,31,31221.7,29537.39,0.55,80.0
BORR_00076,Arjun Jain,Mudra,Micro Enterprise,Jammu and Kashmir,2400000.0,large,50865.85,1811134.53,119638.14,0.86,0.86,-0.17,2,37,157723.0,142003.66,0.66,75.0
BORR_00077,Rahul Reddy,PMEGP,Small Business,Sikkim,2400000.0,large,33964.24,1721670.81,61461.31,0.94,0.87,-0.21,0,21,69227.86,70453.18,0.4,86.0
BORR_00078,Aarav Reddy,MSME,Agri-linked,Manipur,250000.0,small,3015.05,192989.54,25000.0,0.82,0.83,0.07,1,24,7992.61,7200.44,0.67,74.0
BORR_00079,Rahul Patel,Stand-Up India,Agri-linked,Tripura,1200000.0,mid,28638.89,919472.95,43861.43,0.84,0.79,-0.37,1,36,48856.9,39478.28,0.69,73.0
BORR_00080,Neha Sharma,MSME,Micro Enterprise,Uttar Pradesh,250000.0,small,3578.62,211335.38,25000.0,0.68,0.72,-0.39,4,44,7585.79,5665.3,0.71,73.0
BORR_00081,Vikram Kumar,PMEGP,Small Business,Sikkim,800000.0,mid,17917.73,594193.99,43400.74,0.87,0.88,-0.19,2,24,32419.9,32602.22,0.4,86.0
BORR_00082,Rahul Sharma,MSME,Small Business,Tamil Nadu,4000000.0,large,70919.66,2934122.8,213180.51,0.89,0.84,-0.28,2,32,141968.97,117592.6,0.41,86.0
BORR_00083,Pooja Das,Mudra,Women-led,Jammu and Kashmir,1200000.0,mid,26891.7,995297.52,53173.87,0.75,0.78,-0.23,3,36,37104.9,34218.26,0.66,75.0
BORR_00084,Ananya Kumar,Mudra,Agri-linked,Meghalaya,250000.0,small,5599.73,187985.73,25000.0,0.87,0.81,-0.33,1,31,16557.74,17420.2,0.64,76.0
BORR_00085,Isha Nair,Mudra,Women-led,Jharkhand,2400000.0,large,33201.75,1931287.7,65588.3,0.76,0.73,-0.1,3,45,43722.74,46808.59,0.78,71.0
BORR_00086,Arjun Kumar,Mudra,Agri-linked,Gujarat,400000.0,small,9441.89,309587.02,31340.38,0.81,0.8,-0.2,2,22,22828.43,20174.96,0.35,89.0
BORR_00087,Neha Nair,MSME,Micro Enterprise,Kerala,400000.0,small,9277.55,278967.22,27236.4,0.98,0.95,-0.3,1,28,21300.24,16887.74,0.36,88.0
BORR_00088,Aarav Jain,Mudra,Agri-linked,Rajasthan,250000.0,small,3873.2,196319.0,25000.0,0.81,0.77,-0.33,3,46,8346.87,6582.94,0.62,76.0
BORR_00089,Arjun Saha,MSME,Small Business,Manipur,800000.0,mid,18154.87,625410.64,36720.14,0.83,0.8,-0.37,2,32,46129.33,35179.68,0.67,74.0
BORR_00090,Ravi Kumar,Stand-Up India,Women-led,Bihar,800000.0,mid,18960.19,665480.06,45354.64,0.73,0.75,-0.1,2,54,34191.6,29858.0,0.72,74.0
BORR_00091,Ananya Patel,Stand-Up India,Women-led,Jammu and Kashmir,400000.0,small,5664.67,327788.66,25000.0,0.72,0.78,-0.3,2,31,9910.64,9986.14,0.66,75.0
BORR_00092,Pooja Jain,PMEGP,Agri-linked,Jammu and Kashmir,800000.0,mid,19472.79,623503.15,49388.9,0.84,0.75,-0.16,1,34,27669.3,29235.71,0.66,75.0
BORR_00093,Isha Nair,Mudra,Agri-linked,Maharashtra,800000.0,mid,15807.17,576902.18,40481.21,0.93,0.84,-0.33,2,18,42838.94,38295.05,0.38,87.0
BORR_00094,Pooja Patel,Mudra,Micro Enterprise,Chhattisgarh,800000.0,mid,10408.76,590898.54,52426.84,0.91,0.79,-0.33,1,32,33461.43,34666.22,0.7,73.0
BORR_00095,Vikram Yadav,PMEGP,Women-led,Rajasthan,250000.0,small,3601.68,197123.08,25000.0,0.82,0.82,-0.01,2,39,9972.91,8176.46,0.62,76.0
BORR_00096,Isha Das,MSME,Agri-linked,Punjab,800000.0,mid,19871.75,659302.75,88303.63,0.71,0.79,0.04,2,40,56016.42,41092.44,0.58,78.0
BORR_00097,Diya Singh,PMEGP,Women-led,Tamil Nadu,250000.0,small,3625.95,180714.81,25000.0,0.9,0.94,0.01,0,15,8597.03,8406.34,0.41,86.0
BORR_00098,Isha Sharma,Mudra,Small Business,Jammu and Kashmir,800000.0,mid,15431.04,625075.99,63870.59,0.83,0.8,-0.18,2,34,41846.21,39141.3,0.66,75.0
BORR_00099,Ravi Das,Mudra,Agri-linked,West Bengal,2400000.0,large,48327.81,1913226.81,259566.21,0.79,0.75,-0.4,3,21,135565.32,126289.24,0.49,82.0
BORR_00100,Neha Yadav,PMEGP,Small Business,Punjab,800000.0,mid,10328.31,597866.01,25000.0,0.84,0.82,-0.35,1,23,18273.03,16067.75,0.58,78.0
BORR_00101,Diya Saha,Mudra,Micro Enterprise,Telangana,1200000.0,mid,25906.28,890737.39,65765.91,0.85,0.86,-0.23,1,12,33168.01,24118.1,0.47,83.0
BORR_00102,Aarav Jain,Mudra,Agri-linked,Madhya Pradesh,250000.0,small,3355.77,197789.94,25000.0,0.77,0.87,-0.0,1,34,10387.87,11153.24,0.68,74.0
BORR_00103,Vikram Reddy,Stand-Up India,Micro Enterprise,Madhya Pradesh,4000000.0,large,79897.39,2988057.91,150555.2,0.9,0.81,0.09,2,28,177721.91,144357.81,0.68,74.0
BORR_00104,Vikram Nair,PMEGP,Women-led,Manipur,400000.0,small,4991.01,335573.18,25000.0,0.73,0.76,-0.12,2,46,10469.2,9736.49,0.67,74.0
BORR_00105,Ananya Yadav,MSME,Agri-linked,Nagaland,800000.0,mid,17485.68,646054.77,28669.84,0.74,0.83,-0.3,2,36,39377.23,37488.48,0.63,76.0
BORR_00106,Vikram Patel,MSME,Agri-linked,Uttar Pradesh,250000.0,small,4271.3,193107.28,25000.0,0.82,0.77,0.03,1,24,13021.23,13204.63,0.71,73.0
BORR_00107,Ananya Yadav,Mudra,Women-led,Meghalaya,1200000.0,mid,20213.94,910935.52,33895.26,0.86,0.84,-0.35,1,32,26210.27,27795.54,0.64,76.0
BORR_00108,Diya Patel,Mudra,Agri-linked,Himachal Pradesh,4000000.0,large,78805.2,3165801.9,381677.91,0.78,0.82,-0.12,1,43,213130.91,209588.83,0.45,84.0
BORR_00109,Ananya Das,Mudra,Women-led,Madhya Pradesh,800000.0,mid,11268.16,626586.67,41128.46,0.79,0.87,-0.34,2,21,32859.18,36293.82,0.68,74.0
BORR_00110,Isha Singh,Mudra,Agri-linked,Maharashtra,400000.0,small,5470.12,289352.51,25000.0,0.92,0.84,0.04,2,19,6629.46,5534.37,0.38,87.0
BORR_00111,Ananya Yadav,PMEGP,Women-led,Bihar,250000.0,small,4819.49,193764.41,25000.0,0.81,0.76,0.02,1,22,5603.34,5003.2,0.72,74.0
BORR_00112,Neha Nair,Mudra,Agri-linked,Kerala,1200000.0,mid,24268.9,948988.94,87299.2,0.77,0.86,-0.06,1,25,61693.86,46081.63,0.36,88.0
BORR_00113,Vikram Sharma,Mudra,Agri-linked,Goa,250000.0,small,3188.24,170922.82,25000.0,0.99,0.98,-0.0,0,14,8412.73,7348.06,0.3,91.0
BORR_00114,Neha Jain,Mudra,Agri-linked,Andhra Pradesh,250000.0,small,4051.73,191481.24,25000.0,0.85,0.85,-0.17,1,42,8123.51,7315.67,0.55,80.0
BORR_00115,Vikram Singh,MSME,Small Business,Tripura,2400000.0,large,50442.89,1851713.04,141048.58,0.8,0.86,-0.06,1,39,73422.18,65561.16,0.69,73.0
BORR_00116,Neha Kumar,PMEGP,Micro Enterprise,Gujarat,2400000.0,large,48722.01,1782414.67,121087.94,0.86,0.94,-0.17,2,13,80066.95,58645.33,0.35,89.0
BORR_00117,Isha Yadav,MSME,Agri-linked,Jammu and Kashmir,1200000.0,mid,23178.9,937874.14,29384.26,0.81,0.76,-0.3,1,21,47014.32,43824.01,0.66,75.0
BORR_00118,Neha Nair,Stand-Up India,Micro Enterprise,Maharashtra,2400000.0,large,32894.84,1650390.25,60891.54,0.99,0.95,0.05,1,0,50640.48,50348.09,0.38,87.0
BORR_00119,Neha Reddy,MSME,Micro Enterprise,Chhattisgarh,4000000.0,large,59728.09,3022890.07,135522.96,0.86,0.82,-0.09,1,39,87285.54,79066.68,0.7,73.0
BORR_00120,Pooja Saha,PMEGP,Micro Enterprise,Sikkim,400000.0,small,7295.68,308512.5,25000.0,0.81,0.86,0.04,2,14,15571.33,11864.92,0.4,86.0
BORR_00121,Arjun Saha,Mudra,Women-led,Karnataka,250000.0,small,4855.44,176754.02,25000.0,0.93,0.88,-0.18,1,26,6796.38,6345.76,0.43,85.0
BORR_00122,Pooja Das,MSME,Agri-linked,Gujarat,4000000.0,large,49726.56,2777396.02,63811.17,0.95,0.89,-0.06,1,19,85492.5,67282.0,0.35,89.0
BORR_00123,Arjun Singh,Mudra,Micro Enterprise,Haryana,800000.0,mid,10891.89,642509.39,53987.2,0.78,0.79,-0.11,2,48,31817.22,30866.58,0.52,81.0
BORR_00124,Aarav Singh,Mudra,Micro Enterprise,Himachal Pradesh,800000.0,mid,14637.74,616337.75,34594.36,0.83,0.84,-0.0,2,16,21423.88,19183.86,0.45,84.0
BORR_00125,Rahul Reddy,MSME,Small Business,Rajasthan,1200000.0,mid,18254.81,883550.56,67794.52,0.91,0.83,0.11,1,13,52251.16,51388.13,0.62,76.0
BORR_00126,Vikram Patel,MSME,Small Business,Haryana,400000.0,small,4908.48,312107.08,25000.0,0.8,0.82,-0.15,1,27,7697.17,6830.16,0.52,81.0
BORR_00127,Isha Patel,PMEGP,Micro Enterprise,Meghalaya,1200000.0,mid,17117.42,1011138.92,43886.92,0.7,0.77,-0.12,3,52,33257.89,31173.29,0.64,76.0
BORR_00128,Ravi Saha,MSME,Women-led,Odisha,250000.0,small,4425.5,198023.44,25000.0,0.79,0.84,0.04,2,27,10071.09,10926.58,0.57,79.0
BORR_00129,Diya Nair,Stand-Up India,Small Business,Telangana,2400000.0,large,43333.36,1907114.6,94202.56,0.77,0.83,-0.2,2,36,79951.68,73958.99,0.47,83.0
BORR_00130,Diya Patel,MSME,Small Business,Goa,4000000.0,large,73598.45,2771402.17,232937.66,0.98,0.92,-0.09,0,15,119017.15,104310.51,0.3,91.0
BORR_00131,Ravi Sharma,MSME,Micro Enterprise,Sikkim,400000.0,small,9261.53,277245.06,32384.78,0.96,0.95,-0.15,0,3,30458.43,27315.42,0.4,86.0
BORR_00132,Diya Jain,MSME,Women-led,Andhra Pradesh,2400000.0,large,39314.5,1921794.39,90497.82,0.77,0.75,-0.1,3,25,55487.36,40764.82,0.55,80.0
BORR_00133,Vikram Das,PMEGP,Agri-linked,Himachal Pradesh,2400000.0,large,45445.57,1890301.36,40689.01,0.81,0.79,0.03,2,34,52695.11,58738.04,0.45,84.0
BORR_00134,Isha Saha,Stand-Up India,Agri-linked,Kerala,2400000.0,large,58022.1,1683340.38,155460.89,0.92,0.93,0.12,0,11,78464.79,61150.54,0.36,88.0
BORR_00135,Ravi Jain,MSME,Women-led,Uttar Pradesh,800000.0,mid,9651.38,667019.91,25000.0,0.73,0.78,-0.21,3,43,21772.78,16892.64,0.71,73.0
BORR_00136,Ravi Patel,PMEGP,Agri-linked,Meghalaya,2400000.0,large,33278.52,1998079.13,46130.39,0.74,0.68,-0.34,3,34,48181.52,53256.9,0.64,76.0
BORR_00137,Pooja Yadav,Stand-Up India,Micro Enterprise,Karnataka,250000.0,small,5723.87,197075.6,25000.0,0.81,0.79,-0.1,3,35,6582.52,7190.61,0.43,85.0
BORR_00138,Arjun Sharma,MSME,Agri-linked,Madhya Pradesh,250000.0,small,4951.98,205843.39,25000.0,0.76,0.76,-0.14,2,32,10706.67,9071.17,0.68,74.0
BORR_00139,Vikram Singh,Stand-Up India,Small Business,Haryana,250000.0,small,5829.95,197492.5,25000.0,0.8,0.83,0.03,2,28,14141.91,14751.97,0.52,81.0
BORR_00140,Pooja Nair,MSME,Women-led,Andhra Pradesh,250000.0,small,4030.89,201349.18,25000.0,0.76,0.75,-0.09,2,39,9161.41,8660.97,0.55,80.0
BORR_00141,Ananya Singh,Stand-Up India,Micro Enterprise,Goa,2400000.0,large,42799.24,1692138.48,128367.62,0.93,0.89,-0.31,1,17,113429.01,102698.36,0.3,91.0
BORR_00142,Vikram Jain,Mudra,Agri-linked,Bihar,400000.0,small,9747.69,330165.86,25000.0,0.76,0.77,-0.38,2,43,14423.72,13135.37,0.72,74.0
BORR_00143,Vikram Yadav,Mudra,Agri-linked,Meghalaya,4000000.0,large,86837.54,3227216.17,287527.44,0.77,0.81,-0.2,3,25,253976.1,249373.35,0.64,76.0
BORR_00144,Rahul Saha,Mudra,Women-led,Manipur,1200000.0,mid,28977.2,945200.77,82700.17,0.77,0.81,-0.27,1,24,79839.46,74702.95,0.67,74.0
BORR_00145,Vikram Jain,Mudra,Women-led,Goa,1200000.0,mid,25595.12,852233.04,77378.58,0.96,0.94,-0.1,0,27,76356.2,60614.15,0.3,91.0
BORR_00146,Arjun Yadav,PMEGP,Women-led,Delhi,250000.0,small,4843.76,177488.41,25000.0,0.96,0.9,0.04,1,4,12666.9,13940.7,0.33,90.0
BORR_00147,Diya Singh,Mudra,Small Business,Gujarat,4000000.0,large,74789.11,2970658.24,201116.25,0.89,0.88,-0.29,1,34,209954.71,197914.82,0.35,89.0
BORR_00148,Rahul Singh,Mudra,Small Business,Karnataka,1200000.0,mid,18686.97,941803.2,69889.49,0.8,0.83,-0.35,2,30,42834.33,33719.43,0.43,85.0
BORR_00149,Diya Singh,PMEGP,Women-led,Tripura,400000.0,small,7259.04,326079.97,25000.0,0.73,0.75,-0.3,2,40,11366.78,11057.67,0.69,73.0
BORR_00150,Pooja Sharma,Mudra,Small Business,Tamil Nadu,250000.0,small,6210.3,177488.53,25000.0,0.94,0.9,-0.14,1,21,21380.28,16491.84,0.41,86.0
BORR_00151,Aarav Sharma,MSME,Women-led,Goa,400000.0,small,6553.58,303815.25,25000.0,0.86,0.8,-0.07,2,24,12461.08,10684.43,0.3,91.0
BORR_00152,Vikram Das,Mudra,Small Business,Assam,2400000.0,large,44994.67,1813425.33,108254.47,0.87,0.8,-0.12,2,30,101532.73,86275.76,0.74,72.0
BORR_00153,Vikram Yadav,Mudra,Women-led,Sikkim,4000000.0,large,50721.62,2956491.03,104081.24,0.87,0.94,-0.15,1,22,69902.72,77219.18,0.4,86.0
BORR_00154,Pooja Yadav,PMEGP,Micro Enterprise,Punjab,250000.0,small,3554.05,194603.01,25000.0,0.81,0.86,-0.4,1,43,7417.51,6475.56,0.58,78.0
BORR_00155,Vikram Das,MSME,Agri-linked,Odisha,800000.0,mid,11185.13,646758.39,25000.0,0.79,0.76,-0.0,2,42,13628.73,13930.04,0.57,79.0
BORR_00156,Isha Reddy,MSME,Micro Enterprise,Chhattisgarh,1200000.0,mid,26599.64,986706.21,78564.8,0.71,0.74,-0.29,2,26,76444.68,71974.26,0.7,73.0
BORR_00157,Diya Singh,MSME,Women-led,Manipur,1200000.0,mid,18763.38,984266.5,38272.89,0.77,0.7,-0.04,3,43,33106.6,30473.34,0.67,74.0
BORR_00158,Ravi Nair,MSME,Agri-linked,Odisha,4000000.0,large,90507.38,3004808.58,100505.48,0.88,0.89,0.02,2,20,119232.87,105067.06,0.57,79.0
BORR_00159,Vikram Yadav,MSME,Agri-linked,Manipur,400000.0,small,5962.8,331974.46,25000.0,0.73,0.79,-0.14,3,37,12909.3,10013.48,0.67,74.0
BORR_00160,Pooja Nair,Stand-Up India,Agri-linked,Tamil Nadu,4000000.0,large,57091.61,2992644.18,113845.37,0.86,0.82,-0.19,0,9,83138.78,91888.81,0.41,86.0
BORR_00161,Rahul Singh,Mudra,Micro Enterprise,Uttarakhand,1200000.0,mid,19264.33,927062.26,32597.65,0.82,0.77,-0.07,1,32,47526.1,37108.85,0.54,80.0
BORR_00162,Rahul Reddy,MSME,Small Business,Gujarat,800000.0,mid,11594.54,565519.54,31905.64,0.93,0.95,-0.04,0,11,18814.79,14108.31,0.35,89.0
BORR_00163,Neha Yadav,Mudra,Micro Enterprise,Assam,4000000.0,large,53254.38,3324865.1,115635.19,0.7,0.75,0.07,3,43,86433.08,83801.91,0.74,72.0
BORR_00164,Aarav Singh,MSME,Women-led,Goa,400000.0,small,5479.69,305992.07,25000.0,0.83,0.8,-0.2,1,36,14645.86,15051.87,0.3,91.0
BORR_00165,Diya Singh,MSME,Agri-linked,Tamil Nadu,400000.0,small,5495.78,292088.45,25000.0,0.91,0.89,-0.03,1,24,10379.72,10937.33,0.41,86.0
BORR_00166,Neha Das,MSME,Small Business,Gujarat,2400000.0,large,53807.96,1869758.62,57286.41,0.81,0.76,-0.12,2,40,70718.01,64727.94,0.35,89.0
BORR_00167,Pooja Reddy,Mudra,Small Business,Assam,1200000.0,mid,18198.26,973368.83,36048.71,0.78,0.77,0.01,2,52,23682.46,18019.03,0.74,72.0
BORR_00168,Ravi Nair,Mudra,Women-led,Bihar,250000.0,small,5236.44,200087.33,25000.0,0.76,0.84,-0.39,3,33,12336.15,12135.58,0.72,74.0
BORR_00169,Pooja Saha,PMEGP,Agri-linked,Tamil Nadu,250000.0,small,4995.28,178870.78,25000.0,0.92,0.86,0.01,1,21,6554.35,4941.43,0.41,86.0
BORR_00170,Vikram Das,PMEGP,Agri-linked,Gujarat,2400000.0,large,53826.47,1728932.38,312215.62,0.88,0.92,-0.16,1,28,183939.76,201768.33,0.35,89.0
BORR_00171,Arjun Nair,Mudra,Agri-linked,Uttarakhand,800000.0,mid,11410.74,582238.25,63280.99,0.91,0.92,-0.24,0,8,37736.61,31629.99,0.54,80.0
BORR_00172,Ravi Nair,Mudra,Small Business,Gujarat,250000.0,small,6171.97,191745.46,25000.0,0.8,0.82,-0.25,1,38,13344.82,14390.06,0.35,89.0
BORR_00173,Ravi Sharma,Stand-Up India,Women-led,Jharkhand,1200000.0,mid,18968.02,1021447.42,43869.15,0.7,0.71,-0.07,4,52,23097.33,19755.31,0.78,71.0
BORR_00174,Ananya Yadav,MSME,Agri-linked,Meghalaya,250000.0,small,4209.54,194264.78,25000.0,0.81,0.83,0.08,1,19,6417.58,6897.42,0.64,76.0
BORR_00175,Vikram Das,Mudra,Agri-linked,Gujarat,800000.0,mid,16583.13,570028.52,77363.64,0.95,0.87,-0.09,1,9,56022.51,57102.44,0.35,89.0
BORR_00176,Arjun Das,PMEGP,Women-led,Haryana,1200000.0,mid,15240.19,904170.79,76959.64,0.87,0.81,-0.12,2,14,39442.58,29848.11,0.52,81.0
BORR_00177,Vikram Patel,Mudra,Agri-linked,Sikkim,800000.0,mid,11167.03,587771.1,25000.0,0.88,0.92,0.0,1,8,16998.01,12876.04,0.4,86.0
BORR_00178,Vikram Das,Stand-Up India,Micro Enterprise,Jammu and Kashmir,250000.0,small,5473.64,188875.1,25000.0,0.85,0.79,-0.26,2,38,7460.78,6569.95,0.66,75.0
BORR_00179,Neha Jain,Mudra,Micro Enterprise,Karnataka,800000.0,mid,12833.66,615138.96,49947.23,0.85,0.83,-0.05,2,31,28124.24,29789.73,0.43,85.0
BORR_00180,Neha Sharma,Stand-Up India,Agri-linked,Nagaland,1200000.0,mid,26033.45,892756.57,87441.85,0.9,0.83,-0.22,1,19,78378.66,87669.18,0.63,76.0
BORR_00181,Vikram Sharma,PMEGP,Agri-linked,Rajasthan,2400000.0,large,48872.99,1980212.32,45889.5,0.72,0.71,-0.09,1,30,53744.41,42283.63,0.62,76.0
BORR_00182,Pooja Yadav,Mudra,Small Business,Rajasthan,2400000.0,large,31701.31,1902062.35,108385.29,0.79,0.81,-0.37,2,35,70059.1,67354.47,0.62,76.0
BORR_00183,Ravi Singh,PMEGP,Micro Enterprise,Goa,400000.0,small,7931.16,278769.4,48989.68,0.94,0.96,-0.27,1,17,27911.44,22439.03,0.3,91.0
BORR_00184,Ananya Saha,Mudra,Micro Enterprise,Goa,800000.0,mid,14178.07,561075.28,79404.57,0.93,0.93,-0.3,0,14,41652.48,46623.25,0.3,91.0
BORR_00185,Vikram Das,Mudra,Micro Enterprise,Bihar,2400000.0,large,34212.58,1955487.02,75125.42,0.75,0.72,-0.08,3,45,84972.84,93480.75,0.72,74.0
BORR_00186,Pooja Jain,MSME,Agri-linked,Himachal Pradesh,1200000.0,mid,20050.87,893582.51,35506.36,0.84,0.82,0.05,1,20,36869.98,40419.52,0.45,84.0
BORR_00187,Vikram Singh,Mudra,Agri-linked,Goa,4000000.0,large,59728.15,2879148.59,291636.14,0.91,0.9,-0.14,2,22,156333.14,115676.65,0.3,91.0
BORR_00188,Rahul Nair,MSME,Agri-linked,Punjab,800000.0,mid,14143.25,631198.32,25000.0,0.81,0.75,-0.1,1,41,33904.81,37385.0,0.58,78.0
BORR_00189,Diya Patel,MSME,Small Business,Delhi,1200000.0,mid,15095.68,827607.36,33408.71,0.95,0.92,0.05,2,5,34251.48,36235.18,0.33,90.0
BORR_00190,Arjun Jain,MSME,Agri-linked,Meghalaya,250000.0,small,4584.61,186518.29,25000.0,0.84,0.93,-0.3,1,18,8887.36,9597.76,0.64,76.0
BORR_00191,Pooja Nair,MSME,Women-led,Gujarat,800000.0,mid,19619.3,584337.83,98155.25,0.92,0.81,-0.16,1,28,64752.85,53266.47,0.35,89.0
BORR_00192,Isha Yadav,Stand-Up India,Agri-linked,Chhattisgarh,400000.0,small,5794.19,313512.68,25000.0,0.79,0.87,0.09,1,17,14963.17,13275.26,0.7,73.0
BORR_00193,Ananya Jain,PMEGP,Women-led,Assam,4000000.0,large,77183.58,3296350.1,201386.32,0.71,0.81,-0.06,1,44,162196.3,122083.56,0.74,72.0
BORR_00194,Rahul Singh,PMEGP,Women-led,Telangana,250000.0,small,4393.05,182123.68,25000.0,0.91,0.84,-0.32,2,18,12410.53,10378.12,0.47,83.0
BORR_00195,Aarav Kumar,PMEGP,Agri-linked,Chhattisgarh,4000000.0,large,89932.99,3246341.92,205821.81,0.73,0.82,-0.31,2,26,155086.71,158607.27,0.7,73.0
BORR_00196,Neha Reddy,PMEGP,Agri-linked,Tripura,2400000.0,large,49380.44,1864625.12,120953.82,0.8,0.88,-0.11,2,30,111877.38,84765.1,0.69,73.0
BORR_00197,Ananya Nair,Stand-Up India,Small Business,Haryana,1200000.0,mid,22803.75,927064.95,95665.94,0.8,0.86,0.02,1,34,71785.63,57536.66,0.52,81.0
BORR_00198,Diya Jain,Stand-Up India,Agri-linked,Karnataka,1200000.0,mid,26768.53,905808.86,67860.78,0.86,0.88,-0.19,2,26,39671.54,39606.46,0.43,85.0
BORR_00199,Neha Reddy,Mudra,Small Business,Punjab,800000.0,mid,13376.25,658127.84,34191.02,0.72,0.76,-0.12,1,35,32925.79,34511.2,0.58,78.0
BORR_00200,Arjun Nair,PMEGP,Women-led,Bihar,4000000.0,large,79995.5,3039504.01,377300.28,0.87,0.87,-0.14,3,25,253470.07,250217.54,0.72,74.0
BORR_00201,Arjun Jain,PMEGP,Micro Enterprise,Goa,1200000.0,mid,29954.42,938259.22,93511.39,0.82,0.75,-0.06,1,19,82706.75,66488.05,0.3,91.0
BORR_00202,Ananya Sharma,Stand-Up India,Agri-linked,Telangana,800000.0,mid,11549.08,627990.75,34808.25,0.82,0.8,-0.05,2,32,31617.49,28572.92,0.47,83.0
BORR_00203,Rahul Das,Mudra,Women-led,Uttarakhand,400000.0,small,9060.13,322568.44,27922.77,0.77,0.74,-0.36,1,43,17072.51,18474.91,0.54,80.0
BORR_00204,Vikram Reddy,Stand-Up India,Micro Enterprise,Kerala,400000.0,small,8693.9,299933.69,33636.06,0.87,0.83,0.04,1,38,21747.71,16756.74,0.36,88.0
BORR_00205,Aarav Kumar,Mudra,Micro Enterprise,Goa,400000.0,small,6437.58,271741.44,25000.0,0.99,0.91,-0.01,2,0,9362.31,8015.56,0.3,91.0
BORR_00206,Arjun Saha,Mudra,Women-led,Manipur,4000000.0,large,66739.65,2975762.12,357049.28,0.89,0.84,-0.0,2,16,192128.66,142874.09,0.67,74.0
BORR_00207,Ravi Reddy,Mudra,Agri-linked,Maharashtra,800000.0,mid,19034.83,607456.65,85718.45,0.85,0.79,-0.16,1,36,43566.74,37997.18,0.38,87.0
BORR_00208,Ravi Singh,Mudra,Agri-linked,Uttar Pradesh,4000000.0,large,72911.64,3015302.42,371024.51,0.85,0.79,0.1,1,30,234968.18,246814.25,0.71,73.0
BORR_00209,Rahul Yadav,Stand-Up India,Small Business,Haryana,1200000.0,mid,14680.9,966494.39,25506.72,0.78,0.74,-0.0,2,47,18796.71,18824.42,0.52,81.0
BORR_00210,Aarav Yadav,Mudra,Women-led,Himachal Pradesh,250000.0,small,3786.15,177184.78,25000.0,0.93,0.89,-0.05,0,8,11011.98,8140.68,0.45,84.0
BORR_00211,Diya Yadav,MSME,Small Business,Tamil Nadu,400000.0,small,8272.58,297243.66,25000.0,0.9,0.81,-0.34,1,32,10180.12,9702.9,0.41,86.0
BORR_00212,Neha Patel,Stand-Up India,Women-led,Andhra Pradesh,400000.0,small,7781.42,315976.04,25000.0,0.78,0.77,-0.16,2,32,9092.97,9706.02,0.55,80.0
BORR_00213,Neha Yadav,Stand-Up India,Small Business,Punjab,250000.0,small,3081.71,200463.09,25000.0,0.75,0.85,-0.17,1,29,4367.65,3442.72,0.58,78.0
BORR_00214,Ravi Patel,Mudra,Women-led,Odisha,4000000.0,large,78768.25,3203636.75,270406.36,0.76,0.79,-0.36,2,33,187663.41,206469.61,0.57,79.0
BORR_00215,Pooja Sharma,Mudra,Agri-linked,Goa,250000.0,small,4645.36,188281.79,25000.0,0.83,0.83,-0.19,1,9,6838.45,5680.88,0.3,91.0
BORR_00216,Ravi Yadav,Stand-Up India,Micro Enterprise,Chhattisgarh,2400000.0,large,43556.71,1938667.69,210619.66,0.76,0.77,-0.18,2,37,119220.21,88198.96,0.7,73.0
BORR_00217,Rahul Nair,Stand-Up India,Women-led,Nagaland,1200000.0,mid,16085.2,913332.33,46077.09,0.86,0.84,-0.13,1,39,31475.72,23759.04,0.63,76.0
BORR_00218,Ravi Patel,PMEGP,Small Business,Manipur,2400000.0,large,39570.96,1905123.87,76129.6,0.81,0.78,-0.06,3,25,63944.39,56132.33,0.67,74.0
BORR_00219,Diya Sharma,MSME,Small Business,Jammu and Kashmir,1200000.0,mid,28163.23,968358.85,42387.43,0.75,0.8,-0.26,3,48,70300.62,74880.86,0.66,75.0
BORR_00220,Ravi Kumar,MSME,Micro Enterprise,Tamil Nadu,4000000.0,large,61395.58,2797787.65,151954.38,0.95,0.95,-0.29,0,11,128066.53,98407.6,0.41,86.0
BORR_00221,Arjun Saha,Mudra,Women-led,Tripura,1200000.0,mid,28445.01,948930.57,107180.68,0.78,0.84,-0.2,2,36,82255.9,78922.64,0.69,73.0
BORR_00222,Ananya Jain,Mudra,Women-led,Uttar Pradesh,800000.0,mid,19098.18,640970.8,25000.0,0.8,0.8,-0.36,3,25,40090.68,31144.64,0.71,73.0
BORR_00223,Vikram Patel,MSME,Women-led,Gujarat,4000000.0,large,75689.62,2947239.23,116751.31,0.86,0.87,0.09,2,11,168147.57,175998.26,0.35,89.0
BORR_00224,Vikram Das,Stand-Up India,Micro Enterprise,Tripura,2400000.0,large,50405.78,1876194.68,246175.72,0.82,0.77,-0.25,3,30,136719.68,143414.7,0.69,73.0
BORR_00225,Neha Jain,MSME,Small Business,Maharashtra,250000.0,small,4400.7,179696.66,25000.0,0.92,0.88,-0.06,1,22,8982.57,7066.98,0.38,87.0
BORR_00226,Aarav Patel,Mudra,Agri-linked,Andhra Pradesh,1200000.0,mid,15098.54,944458.44,39971.03,0.83,0.76,-0.15,2,21,27866.33,28888.69,0.55,80.0
BORR_00227,Pooja Nair,Mudra,Women-led,Assam,250000.0,small,5200.64,204282.42,25000.0,0.74,0.73,0.07,2,43,6890.81,6299.83,0.74,72.0
BORR_00228,Diya Singh,MSME,Women-led,Telangana,800000.0,mid,15131.89,582382.63,37132.42,0.87,0.87,0.1,1,13,28942.06,22540.79,0.47,83.0
BORR_00229,Ravi Singh,Mudra,Women-led,Haryana,400000.0,small,9480.43,288078.28,61789.11,0.94,0.86,0.08,1,28,31758.55,26529.89,0.52,81.0
BORR_00230,Pooja Saha,Mudra,Agri-linked,Himachal Pradesh,1200000.0,mid,14882.63,955187.3,25526.62,0.8,0.84,-0.17,2,26,23234.32,24521.96,0.45,84.0
BORR_00231,Pooja Yadav,Mudra,Micro Enterprise,Odisha,400000.0,small,6148.54,302647.59,25000.0,0.82,0.84,-0.24,2,24,11753.26,11191.3,0.57,79.0
BORR_00232,Neha Yadav,Mudra,Small Business,Odisha,800000.0,mid,11165.42,649834.82,47407.75,0.74,0.81,-0.05,2,31,29207.34,26420.32,0.57,79.0
BORR_00233,Ravi Reddy,MSME,Agri-linked,Andhra Pradesh,1200000.0,mid,27699.9,933751.37,92112.52,0.84,0.75,-0.11,2,28,56022.56,41187.37,0.55,80.0
BORR_00234,Ravi Saha,MSME,Agri-linked,Kerala,1200000.0,mid,15300.76,905095.51,26724.31,0.85,0.79,0.1,2,24,20737.36,21190.44,0.36,88.0
BORR_00235,Rahul Yadav,Mudra,Women-led,Gujarat,400000.0,small,7355.37,296205.43,25000.0,0.88,0.86,-0.07,2,18,20153.26,21720.8,0.35,89.0
BORR_00236,Diya Kumar,Stand-Up India,Women-led,Punjab,1200000.0,mid,27309.3,959449.32,98233.69,0.78,0.84,-0.31,1,45,53089.93,56210.96,0.58,78.0
BORR_00237,Aarav Saha,Stand-Up India,Women-led,Assam,800000.0,mid,12843.75,629860.89,70525.85,0.77,0.88,-0.29,2,37,38732.0,28360.34,0.74,72.0
BORR_00238,Vikram Das,Mudra,Micro Enterprise,Gujarat,400000.0,small,5499.06,288985.2,25000.0,0.9,0.94,-0.22,0,29,6773.71,7580.65,0.35,89.0
BORR_00239,Aarav Kumar,Mudra,Micro Enterprise,Jammu and Kashmir,250000.0,small,3291.89,188011.46,25000.0,0.83,0.85,-0.06,0,8,10506.68,11019.1,0.66,75.0
BORR_00240,Diya Jain,Stand-Up India,Small Business,Madhya Pradesh,250000.0,small,5749.24,202936.14,25000.0,0.73,0.78,-0.37,2,33,6920.31,5948.2,0.68,74.0
BORR_00241,Arjun Reddy,MSME,Small Business,Rajasthan,1200000.0,mid,23401.83,970596.82,81737.57,0.73,0.73,0.03,2,23,64382.4,52593.5,0.62,76.0
BORR_00242,Pooja Reddy,Stand-Up India,Micro Enterprise,Manipur,400000.0,small,5179.09,313841.54,25000.0,0.79,0.78,-0.26,3,42,10026.68,10853.32,0.67,74.0
BORR_00243,Diya Sharma,MSME,Small Business,Maharashtra,2400000.0,large,55077.6,1801127.05,157477.64,0.84,0.81,-0.27,1,29,86826.4,87513.77,0.38,87.0
BORR_00244,Ravi Kumar,Mudra,Small Business,Maharashtra,400000.0,small,7846.5,306123.51,29667.36,0.81,0.87,-0.26,2,34,22335.88,21018.07,0.38,87.0
BORR_00245,Isha Saha,Mudra,Micro Enterprise,Jharkhand,2400000.0,large,57403.9,2003846.63,65469.0,0.71,0.69,0.01,3,48,88014.0,77538.46,0.78,71.0
BORR_00246,Vikram Yadav,Mudra,Micro Enterprise,Delhi,250000.0,small,4661.17,174029.83,25000.0,0.94,0.97,-0.31,1,0,8523.13,8662.58,0.33,90.0
BORR_00247,Vikram Jain,PMEGP,Micro Enterprise,Meghalaya,800000.0,mid,18197.83,607014.17,70623.91,0.85,0.89,-0.1,2,38,36959.43,32188.91,0.64,76.0
BORR_00248,Ananya Patel,Stand-Up India,Micro Enterprise,Madhya Pradesh,800000.0,mid,10528.61,647710.06,25000.0,0.76,0.75,-0.1,3,23,14600.58,14676.77,0.68,74.0
BORR_00249,Aarav Yadav,MSME,Micro Enterprise,Punjab,250000.0,small,3904.93,183120.89,25000.0,0.9,0.93,-0.24,1,24,13110.45,9989.16,0.58,78.0
BORR_00250,Vikram Yadav,PMEGP,Micro Enterprise,Sikkim,1200000.0,mid,27906.79,913787.07,51095.22,0.82,0.87,0.0,0,34,43223.51,40665.88,0.4,86.0
BORR_00251,Ravi Reddy,Stand-Up India,Women-led,Bihar,400000.0,small,5902.37,325679.21,25000.0,0.75,0.81,-0.31,3,41,9602.5,7438.48,0.72,74.0
BORR_00252,Neha Nair,Mudra,Women-led,Bihar,400000.0,small,8632.9,342965.21,25000.0,0.65,0.74,-0.21,3,34,9303.31,9180.01,0.72,74.0
BORR_00253,Diya Das,Mudra,Agri-linked,Delhi,4000000.0,large,74824.82,2820914.69,144949.25,0.96,0.85,-0.17,1,2,112362.85,99492.48,0.33,90.0
BORR_00254,Neha Yadav,MSME,Small Business,Sikkim,4000000.0,large,75608.76,3047928.23,231782.76,0.81,0.85,0.1,1,29,137794.5,141872.74,0.4,86.0
BORR_00255,Neha Saha,PMEGP,Agri-linked,Madhya Pradesh,1200000.0,mid,29625.82,931050.81,58350.35,0.79,0.87,0.01,1,21,34682.83,29040.75,0.68,74.0
BORR_00256,Arjun Patel,Mudra,Agri-linked,Tripura,400000.0,small,5960.97,323007.13,25000.0,0.77,0.78,-0.09,2,48,14165.37,13298.24,0.69,73.0
BORR_00257,Diya Das,Stand-Up India,Agri-linked,Andhra Pradesh,250000.0,small,3946.22,187273.55,25000.0,0.84,0.92,-0.02,2,24,8670.55,6449.91,0.55,80.0
BORR_00258,Diya Kumar,Mudra,Agri-linked,Nagaland,1200000.0,mid,29341.52,986240.07,44094.25,0.76,0.8,-0.16,4,30,50441.49,40865.3,0.63,76.0
BORR_00259,Ravi Jain,Mudra,Micro Enterprise,Manipur,400000.0,small,9459.59,331598.52,25000.0,0.72,0.72,0.06,3,52,12715.17,12424.34,0.67,74.0
BORR_00260,Neha Kumar,Mudra,Micro Enterprise,Assam,1200000.0,mid,19662.51,989309.82,25747.18,0.74,0.69,-0.08,3,53,38870.16,31566.47,0.74,72.0
BORR_00261,Aarav Patel,MSME,Agri-linked,Sikkim,250000.0,small,6113.29,187843.79,25000.0,0.84,0.86,-0.04,0,16,17737.32,16032.16,0.4,86.0
BORR_00262,Ravi Jain,Mudra,Micro Enterprise,Uttarakhand,2400000.0,large,43108.26,1846323.64,156129.54,0.85,0.81,0.05,2,19,135930.11,126536.4,0.54,80.0
BORR_00263,Rahul Das,Mudra,Agri-linked,Rajasthan,1200000.0,mid,29385.78,893255.82,71595.09,0.9,0.91,-0.03,3,26,50032.02,44768.57,0.62,76.0
BORR_00264,Diya Patel,Stand-Up India,Women-led,Andhra Pradesh,4000000.0,large,80361.85,3291472.33,274005.7,0.72,0.8,0.03,3,51,165040.38,183347.18,0.55,80.0
BORR_00265,Ananya Nair,Mudra,Agri-linked,Chhattisgarh,2400000.0,large,55451.72,1986223.32,199382.84,0.72,0.71,-0.2,3,53,138049.03,146619.5,0.7,73.0
BORR_00266,Ravi Patel,MSME,Micro Enterprise,Uttarakhand,2400000.0,large,29082.0,1781342.87,63188.6,0.9,0.82,-0.06,1,19,86139.77,87134.22,0.54,80.0
BORR_00267,Arjun Kumar,Mudra,Women-led,Jharkhand,2400000.0,large,36469.19,1904354.83,142172.49,0.81,0.72,0.04,1,49,107885.56,99024.93,0.78,71.0
BORR_00268,Ravi Saha,Mudra,Small Business,Jharkhand,250000.0,small,5065.19,195246.04,25000.0,0.78,0.77,-0.17,1,32,16086.93,14068.49,0.78,71.0
BORR_00269,Diya Jain,Mudra,Micro Enterprise,Bihar,400000.0,small,8214.48,312672.17,25000.0,0.79,0.87,-0.34,2,21,9845.58,7230.67,0.72,74.0
BORR_00270,Arjun Reddy,PMEGP,Agri-linked,Rajasthan,400000.0,small,8333.66,306756.51,28866.65,0.83,0.86,-0.11,1,22,24012.64,18670.45,0.62,76.0
BORR_00271,Ravi Nair,Mudra,Women-led,Andhra Pradesh,400000.0,small,9441.3,303796.09,25869.83,0.86,0.83,-0.14,1,29,14395.78,12274.21,0.55,80.0
BORR_00272,Isha Nair,Stand-Up India,Small Business,Bihar,1200000.0,mid,24322.26,947599.78,49120.72,0.78,0.85,-0.17,1,40,29178.28,29490.48,0.72,74.0
BORR_00273,Vikram Saha,MSME,Women-led,West Bengal,400000.0,small,9088.9,303965.74,29789.69,0.84,0.78,-0.24,2,22,20881.55,19478.49,0.49,82.0
BORR_00274,Pooja Singh,MSME,Agri-linked,Haryana,1200000.0,mid,22551.16,850117.95,53641.93,0.96,0.87,-0.21,1,9,27458.22,27780.52,0.52,81.0
BORR_00275,Neha Das,PMEGP,Women-led,Meghalaya,4000000.0,large,86049.69,3248091.59,103644.83,0.75,0.8,-0.11,3,46,133649.2,110738.44,0.64,76.0
BORR_00276,Ananya Patel,MSME,Agri-linked,Tamil Nadu,800000.0,mid,19995.26,592348.78,26284.42,0.86,0.91,-0.1,0,17,41791.63,42691.48,0.41,86.0
BORR_00277,Aarav Singh,Mudra,Micro Enterprise,West Bengal,400000.0,small,8859.28,304433.16,25000.0,0.87,0.77,-0.26,2,22,23055.88,23600.05,0.49,82.0
BORR_00278,Pooja Patel,Stand-Up India,Small Business,Tamil Nadu,250000.0,small,5302.59,175933.97,25000.0,0.97,0.9,-0.28,0,4,16011.72,12310.01,0.41,86.0
BORR_00279,Neha Reddy,Mudra,Agri-linked,Karnataka,2400000.0,large,55684.76,1739676.44,276477.01,0.92,0.85,-0.19,1,32,170888.51,170968.48,0.43,85.0
BORR_00280,Ananya Jain,PMEGP,Small Business,Maharashtra,2400000.0,large,58349.23,1809703.29,43514.15,0.85,0.81,0.01,2,21,70641.55,74569.14,0.38,87.0
BORR_00281,Diya Saha,MSME,Women-led,Nagaland,400000.0,small,8002.74,329272.25,25000.0,0.71,0.77,-0.17,3,39,16812.48,14994.01,0.63,76.0
BORR_00282,Aarav Yadav,MSME,Agri-linked,Sikkim,4000000.0,large,54161.6,3128818.47,139269.88,0.82,0.86,-0.29,3,40,133506.47,129502.83,0.4,86.0
BORR_00283,Ravi Saha,Stand-Up India,Agri-linked,Bihar,4000000.0,large,82980.56,3326099.61,58921.7,0.71,0.76,-0.14,3,52,87606.77,86696.36,0.72,74.0
BORR_00284,Diya Saha,MSME,Women-led,Goa,250000.0,small,3064.34,180357.44,25000.0,0.89,0.9,0.11,1,26,7893.23,6463.39,0.3,91.0
BORR_00285,Ravi Yadav,Stand-Up India,Small Business,Jharkhand,400000.0,small,7050.39,331512.47,25000.0,0.72,0.69,-0.24,3,45,16267.44,15826.8,0.78,71.0
BORR_00286,Diya Saha,MSME,Women-led,Nagaland,800000.0,mid,17766.8,623807.59,26419.87,0.84,0.77,0.07,3,19,35492.93,39427.03,0.63,76.0
BORR_00287,Ravi Saha,Mudra,Agri-linked,Sikkim,400000.0,small,5389.18,293624.15,25000.0,0.9,0.9,-0.16,1,18,9449.7,7579.92,0.4,86.0
BORR_00288,Arjun Singh,Mudra,Women-led,Delhi,400000.0,small,6294.8,296018.19,25000.0,0.91,0.87,-0.34,1,36,11275.42,8533.54,0.33,90.0
BORR_00289,Ananya Das,MSME,Micro Enterprise,Karnataka,1200000.0,mid,15836.69,899230.55,54689.49,0.87,0.88,-0.19,2,23,40933.45,39026.88,0.43,85.0
BORR_00290,Arjun Reddy,PMEGP,Women-led,Delhi,800000.0,mid,15815.75,615405.64,65450.55,0.86,0.76,-0.32,3,37,46007.04,36854.08,0.33,90.0
BORR_00291,Rahul Reddy,Mudra,Women-led,Madhya Pradesh,400000.0,small,6742.48,299312.77,25000.0,0.87,0.84,0.09,2,36,10990.82,11103.92,0.68,74.0
BORR_00292,Isha Yadav,Mudra,Micro Enterprise,Uttarakhand,4000000.0,large,98804.36,2973647.43,255392.2,0.84,0.87,-0.32,2,31,211388.57,174075.24,0.54,80.0
BORR_00293,Ravi Nair,MSME,Agri-linked,Punjab,250000.0,small,4424.75,206280.81,25000.0,0.72,0.76,-0.09,3,31,10157.49,10638.43,0.58,78.0
BORR_00294,Isha Yadav,Stand-Up India,Women-led,Karnataka,1200000.0,mid,14614.43,878991.15,63526.78,0.87,0.86,-0.24,0,17,41197.11,39660.16,0.43,85.0
BORR_00295,Pooja Nair,PMEGP,Women-led,Bihar,400000.0,small,6735.44,313579.89,25000.0,0.83,0.78,-0.16,2,41,12681.84,11736.34,0.72,74.0
BORR_00296,Pooja Yadav,PMEGP,Micro Enterprise,West Bengal,800000.0,mid,15023.07,586196.54,46167.55,0.88,0.94,-0.07,1,12,30114.87,32468.0,0.49,82.0
BORR_00297,Pooja Das,Mudra,Women-led,Punjab,800000.0,mid,14325.19,636258.5,74704.43,0.77,0.82,-0.19,2,37,42575.35,31744.29,0.58,78.0
BORR_00298,Ravi Nair,Stand-Up India,Micro Enterprise,Himachal Pradesh,4000000.0,large,88825.08,3076917.35,224178.93,0.81,0.85,-0.18,2,13,140274.55,116766.67,0.45,84.0
BORR_00299,Vikram Nair,PMEGP,Micro Enterprise,Delhi,4000000.0,large,82069.03,2911113.92,404995.08,0.88,0.85,-0.33,0,22,259747.43,271604.97,0.33,90.0
BORR_00300,Ananya Reddy,Mudra,Agri-linked,Himachal Pradesh,800000.0,mid,17980.78,559733.94,44443.3,0.97,0.91,-0.08,0,21,25261.01,27005.39,0.45,84.0
BORR_00301,Diya Jain,PMEGP,Women-led,West Bengal,4000000.0,large,95517.0,3279473.12,164125.86,0.73,0.74,-0.17,3,49,119388.6,104714.82,0.49,82.0
BORR_00302,Vikram Yadav,Mudra,Small Business,Himachal Pradesh,800000.0,mid,13228.46,600721.51,25000.0,0.88,0.89,-0.21,1,23,15555.13,13041.07,0.45,84.0
BORR_00303,Arjun Kumar,MSME,Small Business,Delhi,2400000.0,large,51324.19,1727524.76,206947.2,0.91,0.89,0.01,2,17,152400.43,127820.48,0.33,90.0
BORR_00304,Ravi Sharma,PMEGP,Women-led,Tamil Nadu,4000000.0,large,48994.71,2868591.15,108528.48,0.94,0.86,-0.19,0,10,115028.36,110783.94,0.41,86.0
BORR_00305,Diya Kumar,MSME,Women-led,Manipur,4000000.0,large,61915.24,3061964.95,213217.31,0.85,0.84,0.1,2,35,181213.14,179689.39,0.67,74.0
BORR_00306,Pooja Patel,MSME,Agri-linked,Odisha,400000.0,small,5692.81,308685.96,25000.0,0.82,0.87,-0.08,2,17,13547.82,10389.57,0.57,79.0
BORR_00307,Arjun Das,Stand-Up India,Small Business,Tripura,400000.0,small,7463.88,299692.12,28139.86,0.88,0.87,0.0,2,32,18242.49,19390.37,0.69,73.0
BORR_00308,Pooja Saha,MSME,Women-led,Chhattisgarh,800000.0,mid,15431.05,639791.76,74507.86,0.79,0.74,-0.41,3,37,41842.91,43874.61,0.7,73.0
BORR_00309,Pooja Jain,MSME,Micro Enterprise,Maharashtra,800000.0,mid,10924.82,573396.11,25000.0,0.92,0.91,0.05,1,16,13605.82,12026.13,0.38,87.0
BORR_00310,Isha Jain,MSME,Women-led,Telangana,400000.0,small,9489.22,293728.21,25000.0,0.86,0.94,-0.17,1,31,12818.69,12553.69,0.47,83.0
BORR_00311,Ananya Kumar,MSME,Agri-linked,Bihar,400000.0,small,7469.51,339243.25,27911.73,0.68,0.78,-0.42,3,32,17562.41,16918.99,0.72,74.0
BORR_00312,Rahul Kumar,PMEGP,Small Business,Jharkhand,1200000.0,mid,21642.12,1005916.26,71138.58,0.72,0.75,-0.43,2,49,41208.88,29757.98,0.78,71.0
BORR_00313,Isha Reddy,PMEGP,Small Business,Meghalaya,2400000.0,large,32034.77,1798545.24,51600.76,0.87,0.84,-0.11,1,20,83162.71,85108.78,0.64,76.0
BORR_00314,Ananya Jain,Mudra,Micro Enterprise,Bihar,800000.0,mid,16052.93,665755.12,60321.14,0.7,0.71,0.02,3,52,39795.29,38158.2,0.72,74.0
BORR_00315,Arjun Nair,MSME,Micro Enterprise,Nagaland,1200000.0,mid,27700.33,933984.91,91546.56,0.83,0.78,-0.19,2,28,63588.14,50498.46,0.63,76.0
BORR_00316,Isha Reddy,MSME,Small Business,Maharashtra,400000.0,small,7009.22,311612.69,33563.89,0.81,0.77,-0.36,2,27,19573.77,19256.76,0.38,87.0
BORR_00317,Vikram Sharma,MSME,Small Business,Nagaland,4000000.0,large,84002.66,2992530.37,314686.69,0.89,0.86,-0.22,1,16,219534.88,177271.4,0.63,76.0
BORR_00318,Vikram Nair,PMEGP,Small Business,Kerala,4000000.0,large,51283.3,3076494.31,122799.51,0.85,0.81,0.1,2,37,135821.65,105973.92,0.36,88.0
BORR_00319,Rahul Jain,MSME,Agri-linked,Tamil Nadu,2400000.0,large,36898.79,1653755.99,135196.55,0.99,0.9,-0.07,0,16,73342.24,79148.57,0.41,86.0
BORR_00320,Rahul Kumar,Mudra,Agri-linked,Madhya Pradesh,2400000.0,large,42416.29,1965596.26,215739.35,0.72,0.8,-0.01,3,50,113130.26,122320.68,0.68,74.0
BORR_00321,Vikram Patel,Stand-Up India,Agri-linked,Jammu and Kashmir,800000.0,mid,17989.32,649132.02,33040.64,0.79,0.72,-0.41,2,30,19467.35,16823.11,0.66,75.0
BORR_00322,Isha Singh,PMEGP,Agri-linked,Meghalaya,800000.0,mid,9742.46,608100.48,25000.0,0.83,0.79,-0.37,2,30,17591.58,13599.31,0.64,76.0
BORR_00323,Aarav Yadav,MSME,Women-led,Manipur,400000.0,small,7729.66,315909.75,25000.0,0.82,0.8,-0.12,3,42,15110.71,15155.42,0.67,74.0
BORR_00324,Ananya Das,PMEGP,Micro Enterprise,Sikkim,1200000.0,mid,23283.96,953168.09,83111.44,0.78,0.78,-0.1,2,32,46033.3,42242.88,0.4,86.0
BORR_00325,Pooja Yadav,Mudra,Small Business,Tamil Nadu,400000.0,small,8518.52,307482.11,34658.16,0.8,0.84,-0.05,2,22,26649.81,20971.88,0.41,86.0
BORR_00326,Diya Singh,Mudra,Agri-linked,Delhi,250000.0,small,5093.83,198118.99,25000.0,0.76,0.82,-0.03,3,28,7753.24,5713.65,0.33,90.0
BORR_00327,Aarav Saha,PMEGP,Women-led,Nagaland,250000.0,small,5721.44,193339.84,25000.0,0.79,0.87,-0.08,2,36,16135.15,17819.14,0.63,76.0
BORR_00328,Rahul Saha,PMEGP,Women-led,West Bengal,400000.0,small,6889.81,294304.76,25000.0,0.89,0.85,0.09,1,23,13448.56,9962.64,0.49,82.0
BORR_00329,Arjun Das,PMEGP,Micro Enterprise,Bihar,400000.0,small,5239.74,324682.81,25000.0,0.78,0.8,-0.09,2,49,14363.87,11471.87,0.72,74.0
BORR_00330,Isha Reddy,MSME,Women-led,Nagaland,250000.0,small,6241.02,181252.4,25000.0,0.93,0.9,0.12,1,30,8260.42,7055.32,0.63,76.0
BORR_00331,Isha Yadav,Mudra,Agri-linked,West Bengal,1200000.0,mid,27144.79,943598.28,40751.22,0.83,0.73,-0.22,1,26,41753.85,37897.58,0.49,82.0
BORR_00332,Aarav Patel,MSME,Micro Enterprise,Punjab,400000.0,small,5189.07,305834.22,25000.0,0.84,0.9,-0.31,1,13,7569.2,6077.38,0.58,78.0
BORR_00333,Diya Patel,MSME,Agri-linked,Rajasthan,2400000.0,large,36054.19,1794394.45,113507.92,0.85,0.85,-0.04,0,14,105128.82,81871.04,0.62,76.0
BORR_00334,Rahul Saha,Mudra,Micro Enterprise,Madhya Pradesh,4000000.0,large,73195.98,3090000.3,101857.88,0.83,0.86,-0.33,2,29,103609.23,100459.45,0.68,74.0
BORR_00335,Diya Das,MSME,Agri-linked,Himachal Pradesh,4000000.0,large,93521.09,2934459.54,201858.34,0.92,0.85,-0.02,1,18,147758.97,126899.09,0.45,84.0
BORR_00336,Ananya Nair,Stand-Up India,Micro Enterprise,Nagaland,1200000.0,mid,26521.97,986086.59,59995.66,0.73,0.76,-0.0,3,50,46683.8,37256.78,0.63,76.0
BORR_00337,Neha Sharma,MSME,Women-led,Madhya Pradesh,250000.0,small,4600.85,194990.67,25000.0,0.83,0.78,0.03,2,27,9271.82,9503.42,0.68,74.0
BORR_00338,Isha Das,PMEGP,Agri-linked,Uttarakhand,2400000.0,large,56564.37,1944549.13,272996.38,0.76,0.8,-0.16,3,34,166639.67,182125.35,0.54,80.0
BORR_00339,Ananya Jain,Stand-Up India,Micro Enterprise,Delhi,800000.0,mid,11068.72,596951.76,38906.22,0.85,0.84,-0.26,1,30,19871.43,21676.74,0.33,90.0
BORR_00340,Neha Yadav,MSME,Micro Enterprise,Delhi,4000000.0,large,55436.06,2850297.41,255394.0,0.94,0.89,-0.32,1,26,165639.08,130863.03,0.33,90.0
BORR_00341,Pooja Sharma,MSME,Women-led,West Bengal,250000.0,small,3821.1,189496.13,25000.0,0.85,0.85,-0.01,2,28,4811.57,4189.01,0.49,82.0
BORR_00342,Rahul Das,MSME,Women-led,Andhra Pradesh,1200000.0,mid,21549.85,912617.55,64458.96,0.82,0.85,0.08,0,18,34436.73,28074.84,0.55,80.0
BORR_00343,Isha Sharma,MSME,Women-led,Meghalaya,2400000.0,large,43348.54,1955431.75,195841.48,0.73,0.77,-0.2,2,50,111363.78,97905.05,0.64,76.0
BORR_00344,Vikram Yadav,MSME,Small Business,Andhra Pradesh,2400000.0,large,49841.27,1927941.77,194084.43,0.74,0.81,-0.29,2,32,131417.72,101107.58,0.55,80.0
BORR_00345,Diya Yadav,Mudra,Small Business,Himachal Pradesh,4000000.0,large,76660.32,2965586.12,73467.19,0.9,0.81,-0.37,1,16,97149.24,98105.12,0.45,84.0
BORR_00346,Rahul Sharma,Mudra,Micro Enterprise,West Bengal,250000.0,small,3614.7,199851.22,25000.0,0.79,0.79,-0.31,1,38,8499.05,6835.89,0.49,82.0
BORR_00347,Ananya Yadav,Stand-Up India,Agri-linked,Karnataka,2400000.0,large,46452.38,1905493.58,133012.42,0.78,0.74,-0.4,3,34,122805.19,99935.21,0.43,85.0
BORR_00348,Pooja Kumar,Mudra,Small Business,Gujarat,250000.0,small,4079.67,182179.77,25000.0,0.87,0.92,-0.06,1,8,7631.07,7385.7,0.35,89.0
BORR_00349,Pooja Das,MSME,Women-led,Sikkim,1200000.0,mid,25929.44,869929.01,69731.29,0.89,0.96,-0.36,1,22,67267.21,75073.14,0.4,86.0
BORR_00350,Vikram Saha,PMEGP,Agri-linked,Manipur,800000.0,mid,11079.45,620250.87,29286.15,0.84,0.75,0.1,2,45,33359.8,30061.37,0.67,74.0
BORR_00351,Vikram Kumar,Stand-Up India,Agri-linked,Karnataka,800000.0,mid,10560.55,571243.85,28492.15,0.93,0.86,0.13,1,16,18662.83,16953.02,0.43,85.0
BORR_00352,Neha Das,PMEGP,Micro Enterprise,Manipur,400000.0,small,8167.09,314423.23,25000.0,0.78,0.79,-0.34,3,38,16794.36,17902.54,0.67,74.0
BORR_00353,Ananya Patel,MSME,Small Business,Kerala,400000.0,small,9251.89,285847.3,37811.67,0.94,0.87,-0.21,0,15,26161.53,28675.35,0.36,88.0
BORR_00354,Pooja Patel,Mudra,Women-led,Karnataka,1200000.0,mid,27362.81,853235.2,57956.87,0.94,0.91,-0.21,1,10,69813.44,62380.93,0.43,85.0
BORR_00355,Isha Yadav,MSME,Agri-linked,Punjab,250000.0,small,4267.89,192071.51,25000.0,0.8,0.81,-0.38,2,14,12747.75,11845.94,0.58,78.0
BORR_00356,Ravi Saha,PMEGP,Women-led,Andhra Pradesh,400000.0,small,7715.02,332844.3,25000.0,0.7,0.72,-0.04,2,28,13303.89,10069.28,0.55,80.0
BORR_00357,Diya Saha,MSME,Micro Enterprise,Gujarat,2400000.0,large,30897.71,1768667.18,48437.16,0.9,0.81,-0.05,1,11,47726.01,45205.59,0.35,89.0
BORR_00358,Aarav Reddy,PMEGP,Small Business,Andhra Pradesh,2400000.0,large,36482.82,1841618.72,66125.58,0.85,0.76,-0.0,1,19,49605.8,36256.88,0.55,80.0
BORR_00359,Aarav Reddy,MSME,Agri-linked,Sikkim,4000000.0,large,59779.12,3034939.93,143576.53,0.83,0.86,-0.2,2,33,129630.41,111524.63,0.4,86.0
BORR_00360,Arjun Saha,Mudra,Women-led,Bihar,250000.0,small,4066.58,195490.61,25000.0,0.78,0.82,-0.15,2,21,7762.34,8098.93,0.72,74.0
BORR_00361,Vikram Kumar,Mudra,Small Business,Chhattisgarh,800000.0,mid,17727.66,625405.08,43224.44,0.79,0.76,-0.06,1,27,41701.38,45656.49,0.7,73.0
BORR_00362,Ravi Reddy,PMEGP,Micro Enterprise,Andhra Pradesh,4000000.0,large,56383.38,3143969.07,141896.65,0.83,0.8,-0.05,1,32,74141.02,71554.86,0.55,80.0
BORR_00363,Pooja Singh,PMEGP,Women-led,Delhi,1200000.0,mid,25216.03,917668.84,101499.85,0.82,0.87,0.08,1,20,52126.96,56281.69,0.33,90.0
BORR_00364,Vikram Jain,Mudra,Small Business,Odisha,800000.0,mid,13290.94,610715.33,25000.0,0.85,0.85,-0.36,1,19,19375.56,20362.18,0.57,79.0
BORR_00365,Pooja Patel,Stand-Up India,Micro Enterprise,Telangana,2400000.0,large,35666.77,1807647.6,43188.87,0.87,0.79,-0.23,3,19,64432.13,67950.09,0.47,83.0
BORR_00366,Vikram Singh,PMEGP,Women-led,Goa,1200000.0,mid,28696.16,899768.83,103975.26,0.87,0.84,-0.01,2,29,59270.15,60016.87,0.3,91.0
BORR_00367,Vikram Reddy,Mudra,Micro Enterprise,Odisha,2400000.0,large,49331.32,1725122.92,145025.47,0.94,0.85,-0.31,2,18,106132.24,87007.34,0.57,79.0
BORR_00368,Arjun Kumar,PMEGP,Micro Enterprise,Goa,250000.0,small,4002.52,187597.55,25000.0,0.85,0.8,-0.24,0,36,12940.56,11362.62,0.3,91.0
BORR_00369,Pooja Reddy,Mudra,Women-led,Goa,2400000.0,large,55544.38,1829592.29,133629.04,0.84,0.79,-0.2,2,25,154024.16,172360.6,0.3,91.0
BORR_00370,Arjun Jain,MSME,Small Business,Goa,4000000.0,large,83778.37,2731550.88,174859.07,0.99,0.91,-0.03,0,4,212126.3,188130.01,0.3,91.0
BORR_00371,Isha Singh,Mudra,Small Business,Madhya Pradesh,2400000.0,large,46441.1,1874538.81,59736.14,0.83,0.83,-0.06,2,41,55834.82,43766.12,0.68,74.0
BORR_00372,Ananya Nair,PMEGP,Women-led,Manipur,400000.0,small,6015.83,298639.57,25000.0,0.89,0.91,-0.31,1,35,18727.38,16627.12,0.67,74.0
BORR_00373,Ravi Das,PMEGP,Small Business,Andhra Pradesh,800000.0,mid,13968.04,579530.27,26813.22,0.93,0.91,0.1,2,14,24161.32,24139.25,0.55,80.0
BORR_00374,Ananya Saha,Mudra,Agri-linked,Bihar,1200000.0,mid,29591.29,970887.55,76018.57,0.75,0.8,-0.28,3,32,63530.41,47027.07,0.72,74.0
BORR_00375,Isha Kumar,PMEGP,Micro Enterprise,Meghalaya,4000000.0,large,56493.51,3092756.23,69889.42,0.81,0.8,-0.35,1,19,69732.01,67680.69,0.64,76.0
BORR_00376,Ananya Kumar,Mudra,Agri-linked,Himachal Pradesh,4000000.0,large,87128.35,2853276.73,238892.48,0.92,0.9,-0.19,1,16,138279.55,131199.41,0.45,84.0
BORR_00377,Isha Saha,Stand-Up India,Small Business,Maharashtra,800000.0,mid,19072.35,592939.03,60136.89,0.89,0.84,-0.17,1,13,56069.32,53486.51,0.38,87.0
BORR_00378,Diya Jain,Stand-Up India,Micro Enterprise,Delhi,400000.0,small,5805.86,301084.83,25000.0,0.84,0.91,0.07,1,15,11880.78,9697.24,0.33,90.0
BORR_00379,Arjun Singh,Mudra,Small Business,Maharashtra,250000.0,small,3458.6,189565.41,25000.0,0.82,0.8,-0.05,1,11,4282.1,4778.41,0.38,87.0
BORR_00380,Diya Patel,Stand-Up India,Women-led,Andhra Pradesh,250000.0,small,3507.65,201427.84,25000.0,0.8,0.8,-0.09,3,49,5630.79,5107.53,0.55,80.0
BORR_00381,Isha Patel,MSME,Women-led,Rajasthan,1200000.0,mid,21364.49,943676.22,26128.02,0.81,0.8,-0.08,1,31,35338.45,27269.61,0.62,76.0
BORR_00382,Ravi Nair,MSME,Small Business,Uttarakhand,400000.0,small,7522.72,296998.14,28548.57,0.87,0.87,-0.28,2,29,21688.6,20842.48,0.54,80.0
BORR_00383,Ravi Sharma,Mudra,Women-led,Maharashtra,800000.0,mid,10909.93,629596.86,35286.65,0.81,0.84,-0.24,2,35,25106.07,24930.65,0.38,87.0
BORR_00384,Aarav Nair,Stand-Up India,Micro Enterprise,Nagaland,4000000.0,large,67661.24,3031791.19,261323.4,0.82,0.85,0.09,1,28,172993.65,141929.53,0.63,76.0
BORR_00385,Ravi Sharma,MSME,Agri-linked,Gujarat,2400000.0,large,47707.11,1864142.69,53784.16,0.79,0.86,-0.22,2,39,86866.99,78713.2,0.35,89.0
BORR_00386,Pooja Yadav,Stand-Up India,Women-led,Haryana,250000.0,small,3840.42,178798.14,25000.0,0.93,0.89,-0.09,0,11,10335.34,11432.14,0.52,81.0
BORR_00387,Pooja Yadav,MSME,Agri-linked,Madhya Pradesh,1200000.0,mid,23635.46,920574.17,54456.33,0.8,0.83,-0.11,2,14,67150.25,71528.69,0.68,74.0
BORR_00388,Vikram Saha,MSME,Small Business,Bihar,4000000.0,large,85165.38,3098884.92,217204.17,0.82,0.85,0.06,2,34,214172.82,235240.97,0.72,74.0
BORR_00389,Ravi Reddy,PMEGP,Women-led,Haryana,2400000.0,large,37284.98,1788055.09,95334.17,0.88,0.88,-0.08,0,30,69122.31,68156.15,0.52,81.0
BORR_00390,Arjun Saha,Stand-Up India,Women-led,Karnataka,4000000.0,large,54997.97,2813081.75,120799.91,0.96,0.97,-0.03,0,12,157803.99,162842.41,0.43,85.0
BORR_00391,Arjun Singh,MSME,Micro Enterprise,Maharashtra,250000.0,small,3044.31,180305.72,25000.0,0.91,0.85,-0.32,2,28,9242.15,9977.04,0.38,87.0
BORR_00392,Rahul Reddy,Mudra,Agri-linked,Punjab,250000.0,small,4248.14,195531.9,25000.0,0.84,0.76,-0.21,2,23,5309.61,5585.12,0.58,78.0
BORR_00393,Ravi Saha,Mudra,Agri-linked,Odisha,800000.0,mid,15131.47,640298.76,43239.87,0.81,0.78,-0.01,2,32,27805.77,27499.99,0.57,79.0
BORR_00394,Arjun Nair,Stand-Up India,Small Business,Madhya Pradesh,2400000.0,large,50473.2,1853543.63,277289.31,0.84,0.84,-0.34,2,23,139162.49,123906.81,0.68,74.0
BORR_00395,Vikram Jain,Mudra,Small Business,Tripura,800000.0,mid,16039.4,620206.69,48279.21,0.79,0.81,-0.17,2,37,24772.9,19080.58,0.69,73.0
BORR_00396,Vikram Sharma,PMEGP,Women-led,Punjab,800000.0,mid,14576.31,634870.8,47258.16,0.79,0.74,-0.38,1,36,31655.62,25751.73,0.58,78.0
BORR_00397,Rahul Singh,Stand-Up India,Agri-linked,Bihar,800000.0,mid,19298.46,644790.91,45844.46,0.75,0.77,-0.11,2,25,58033.63,54430.26,0.72,74.0
BORR_00398,Pooja Yadav,PMEGP,Micro Enterprise,Chhattisgarh,800000.0,mid,19040.45,679095.85,86477.45,0.71,0.74,-0.28,4,48,44003.24,47947.83,0.7,73.0
BORR_00399,Pooja Jain,Stand-Up India,Agri-linked,Uttarakhand,2400000.0,large,50705.75,1792451.41,122555.68,0.88,0.84,-0.0,1,21,159447.69,130803.17,0.54,80.0
BORR_00400,Isha Patel,Stand-Up India,Agri-linked,Jharkhand,1200000.0,mid,23443.81,943181.1,37176.28,0.82,0.79,-0.37,1,21,48929.29,37310.29,0.78,71.0
BORR_00401,Arjun Sharma,PMEGP,Agri-linked,Tripura,1200000.0,mid,20650.99,910419.54,89063.29,0.87,0.82,-0.2,2,26,51208.97,38129.1,0.69,73.0
BORR_00402,Arjun Jain,Mudra,Small Business,Telangana,400000.0,small,8598.56,291740.7,25000.0,0.88,0.85,-0.23,1,7,26863.0,22536.57,0.47,83.0
BORR_00403,Ananya Patel,Mudra,Agri-linked,Tamil Nadu,1200000.0,mid,16937.51,932816.62,67572.22,0.8,0.77,-0.12,2,39,39190.1,33632.64,0.41,86.0
BORR_00404,Isha Das,Stand-Up India,Micro Enterprise,Nagaland,400000.0,small,7555.85,318915.83,30835.85,0.79,0.74,-0.33,3,37,21118.13,18343.6,0.63,76.0
BORR_00405,Ananya Kumar,PMEGP,Women-led,Telangana,4000000.0,large,87266.95,3075877.54,455491.86,0.85,0.76,-0.16,2,39,237577.82,197386.23,0.47,83.0
BORR_00406,Ananya Sharma,Mudra,Agri-linked,Meghalaya,250000.0,small,4050.07,209716.57,25000.0,0.7,0.72,-0.13,3,42,7325.09,8191.32,0.64,76.0
BORR_00407,Vikram Jain,Mudra,Women-led,West Bengal,400000.0,small,7302.65,313483.24,25000.0,0.83,0.73,0.08,1,42,12049.14,9312.44,0.49,82.0
BORR_00408,Arjun Nair,Mudra,Small Business,Punjab,1200000.0,mid,14776.12,898175.14,53649.55,0.84,0.83,-0.14,2,33,44061.33,35194.21,0.58,78.0
BORR_00409,Ravi Kumar,Mudra,Women-led,Karnataka,800000.0,mid,15715.2,585521.52,75564.86,0.91,0.88,0.04,2,29,38928.4,34477.19,0.43,85.0
BORR_00410,Ravi Patel,MSME,Agri-linked,Delhi,4000000.0,large,56560.68,2930630.59,296039.58,0.86,0.89,-0.35,2,26,167052.77,139212.7,0.33,90.0
BORR_00411,Arjun Das,MSME,Women-led,Haryana,800000.0,mid,16531.83,578552.38,28805.54,0.9,0.86,-0.27,0,14,21882.22,19237.04,0.52,81.0
BORR_00412,Ravi Yadav,MSME,Micro Enterprise,Kerala,800000.0,mid,18789.07,576276.75,39651.67,0.89,0.91,-0.35,0,17,44927.07,50220.95,0.36,88.0
BORR_00413,Aarav Nair,Stand-Up India,Small Business,Gujarat,4000000.0,large,97909.13,2803680.5,237400.16,0.92,0.88,-0.25,1,14,133443.48,146572.76,0.35,89.0
BORR_00414,Isha Singh,Mudra,Agri-linked,Haryana,250000.0,small,3250.86,185821.27,25000.0,0.85,0.83,-0.11,1,16,10848.94,10780.87,0.52,81.0
BORR_00415,Rahul Sharma,MSME,Micro Enterprise,West Bengal,400000.0,small,9625.87,288293.52,42636.81,0.9,0.93,-0.27,0,11,28158.68,24933.71,0.49,82.0
BORR_00416,Neha Singh,Mudra,Small Business,Punjab,1200000.0,mid,19631.8,905267.32,29031.37,0.83,0.92,-0.08,2,17,39458.1,32149.26,0.58,78.0
BORR_00417,Aarav Reddy,PMEGP,Agri-linked,Kerala,4000000.0,large,80111.51,2875601.38,371340.37,0.92,0.85,-0.2,2,15,208470.96,204089.56,0.36,88.0
BORR_00418,Vikram Jain,Mudra,Women-led,Delhi,2400000.0,large,50243.62,1863126.93,99663.49,0.83,0.81,-0.08,2,34,57454.34,45843.36,0.33,90.0
BORR_00419,Vikram Jain,Mudra,Small Business,Telangana,1200000.0,mid,20952.17,910396.34,40815.71,0.87,0.87,0.04,1,33,29835.53,26444.05,0.47,83.0
BORR_00420,Ravi Yadav,MSME,Women-led,Karnataka,2400000.0,large,48100.64,1832369.76,156976.91,0.81,0.87,0.0,3,11,129982.95,123316.87,0.43,85.0
